-- Insert 50 employees with diverse backgrounds and roles
INSERT INTO employee (id, name, level, days_in_level, current_salary, currency) VALUES (1, 'Alice Chen', 'Z10', 2190, 145000, 'USD');
INSERT INTO employee (id, name, level, days_in_level, current_salary, currency) VALUES (2, 'Marcus Rodriguez', 'Z7', 730, 85000, 'USD');
INSERT INTO employee (id, name, level, days_in_level, current_salary, currency) VALUES (3, 'Priya Patel', 'Z9', 1095, 120000, 'USD');
INSERT INTO employee (id, name, level, days_in_level, current_salary, currency) VALUES (4, 'Jamal Williams', 'Z8', 1460, 105000, 'USD');
INSERT INTO employee (id, name, level, days_in_level, current_salary, currency) VALUES (5, 'Sofia Andersson', 'Z11', 2920, 165000, 'EUR');
INSERT INTO employee (id, name, level, days_in_level, current_salary, currency) VALUES (6, 'Kenji Tanaka', 'Z6', 365, 72000, 'USD');
INSERT INTO employee (id, name, level, days_in_level, current_salary, currency) VALUES (7, 'Fatima Al-Rashid', 'Z9', 1825, 118000, 'USD');
INSERT INTO employee (id, name, level, days_in_level, current_salary, currency) VALUES (8, 'Diego Martinez', 'Z7', 912, 88000, 'EUR');
INSERT INTO employee (id, name, level, days_in_level, current_salary, currency) VALUES (9, 'Yuki Nakamura', 'Z10', 1642, 142000, 'USD');
INSERT INTO employee (id, name, level, days_in_level, current_salary, currency) VALUES (10, 'Isabella Costa', 'Z8', 548, 98000, 'USD');
INSERT INTO employee (id, name, level, days_in_level, current_salary, currency) VALUES (11, 'Omar Hassan', 'Z12', 3285, 185000, 'USD');
INSERT INTO employee (id, name, level, days_in_level, current_salary, currency) VALUES (12, 'Chloe Dubois', 'Z7', 1277, 92000, 'EUR');
INSERT INTO employee (id, name, level, days_in_level, current_salary, currency) VALUES (13, 'Arjun Singh', 'Z9', 821, 115000, 'USD');
INSERT INTO employee (id, name, level, days_in_level, current_salary, currency) VALUES (14, 'Emma O''Brien', 'Z8', 1551, 102000, 'USD');
INSERT INTO employee (id, name, level, days_in_level, current_salary, currency) VALUES (15, 'Chen Wei', 'Z10', 2047, 138000, 'USD');
INSERT INTO employee (id, name, level, days_in_level, current_salary, currency) VALUES (16, 'Leila Moreno', 'Z6', 456, 68000, 'USD');
INSERT INTO employee (id, name, level, days_in_level, current_salary, currency) VALUES (17, 'Nikolai Petrov', 'Z11', 2738, 172000, 'EUR');
INSERT INTO employee (id, name, level, days_in_level, current_salary, currency) VALUES (18, 'Aisha Okonkwo', 'Z7', 639, 86000, 'USD');
INSERT INTO employee (id, name, level, days_in_level, current_salary, currency) VALUES (19, 'Lucas Silva', 'Z9', 1368, 122000, 'USD');
INSERT INTO employee (id, name, level, days_in_level, current_salary, currency) VALUES (20, 'Maya Johannsson', 'Z8', 1094, 99000, 'EUR');
INSERT INTO employee (id, name, level, days_in_level, current_salary, currency) VALUES (21, 'Raj Kapoor', 'Z10', 1915, 148000, 'USD');
INSERT INTO employee (id, name, level, days_in_level, current_salary, currency) VALUES (22, 'Zara Khan', 'Z7', 731, 89000, 'USD');
INSERT INTO employee (id, name, level, days_in_level, current_salary, currency) VALUES (23, 'Henrik Nielsen', 'Z6', 273, 71000, 'EUR');
INSERT INTO employee (id, name, level, days_in_level, current_salary, currency) VALUES (24, 'Camila Fernandez', 'Z9', 1502, 119000, 'USD');
INSERT INTO employee (id, name, level, days_in_level, current_salary, currency) VALUES (25, 'Dmitri Volkov', 'Z11', 2456, 169000, 'USD');
INSERT INTO employee (id, name, level, days_in_level, current_salary, currency) VALUES (26, 'Amara Diallo', 'Z8', 877, 103000, 'EUR');
INSERT INTO employee (id, name, level, days_in_level, current_salary, currency) VALUES (27, 'Sven Bergstrom', 'Z7', 1186, 91000, 'EUR');
INSERT INTO employee (id, name, level, days_in_level, current_salary, currency) VALUES (28, 'Naomi Kim', 'Z10', 2283, 151000, 'USD');
INSERT INTO employee (id, name, level, days_in_level, current_salary, currency) VALUES (29, 'Hassan El-Amin', 'Z6', 547, 69000, 'USD');
INSERT INTO employee (id, name, level, days_in_level, current_salary, currency) VALUES (30, 'Valentina Rossi', 'Z9', 1673, 125000, 'EUR');
INSERT INTO employee (id, name, level, days_in_level, current_salary, currency) VALUES (31, 'Kwame Addo', 'Z8', 1249, 106000, 'USD');
INSERT INTO employee (id, name, level, days_in_level, current_salary, currency) VALUES (32, 'Ingrid Schmidt', 'Z12', 3102, 178000, 'EUR');
INSERT INTO employee (id, name, level, days_in_level, current_salary, currency) VALUES (33, 'Tariq Aziz', 'Z7', 821, 87000, 'USD');
INSERT INTO employee (id, name, level, days_in_level, current_salary, currency) VALUES (34, 'Luna Park', 'Z9', 1429, 121000, 'USD');
INSERT INTO employee (id, name, level, days_in_level, current_salary, currency) VALUES (35, 'Giovanni Romano', 'Z10', 1784, 144000, 'EUR');
INSERT INTO employee (id, name, level, days_in_level, current_salary, currency) VALUES (36, 'Aaliyah Thompson', 'Z8', 1005, 101000, 'USD');
INSERT INTO employee (id, name, level, days_in_level, current_salary, currency) VALUES (37, 'Pierre Lefebvre', 'Z11', 2651, 174000, 'EUR');
INSERT INTO employee (id, name, level, days_in_level, current_salary, currency) VALUES (38, 'Mei Ling', 'Z6', 398, 73000, 'USD');
INSERT INTO employee (id, name, level, days_in_level, current_salary, currency) VALUES (39, 'Santiago Ramirez', 'Z9', 1556, 117000, 'USD');
INSERT INTO employee (id, name, level, days_in_level, current_salary, currency) VALUES (40, 'Freya Larsen', 'Z7', 694, 90000, 'EUR');
INSERT INTO employee (id, name, level, days_in_level, current_salary, currency) VALUES (41, 'Adebayo Oluwaseun', 'Z10', 2119, 146000, 'USD');
INSERT INTO employee (id, name, level, days_in_level, current_salary, currency) VALUES (42, 'Katarina Novak', 'Z8', 1337, 104000, 'EUR');
INSERT INTO employee (id, name, level, days_in_level, current_salary, currency) VALUES (43, 'Mohammed Ali', 'Z7', 912, 85000, 'USD');
INSERT INTO employee (id, name, level, days_in_level, current_salary, currency) VALUES (44, 'Sakura Yamamoto', 'Z9', 1621, 123000, 'USD');
INSERT INTO employee (id, name, level, days_in_level, current_salary, currency) VALUES (45, 'Erik Andersson', 'Z11', 2847, 171000, 'EUR');
INSERT INTO employee (id, name, level, days_in_level, current_salary, currency) VALUES (46, 'Nadia Ivanova', 'Z6', 411, 70000, 'USD');
INSERT INTO employee (id, name, level, days_in_level, current_salary, currency) VALUES (47, 'Rafael Garcia', 'Z8', 1183, 107000, 'USD');
INSERT INTO employee (id, name, level, days_in_level, current_salary, currency) VALUES (48, 'Zainab Malik', 'Z10', 1998, 149000, 'USD');
INSERT INTO employee (id, name, level, days_in_level, current_salary, currency) VALUES (49, 'Thor Magnusson', 'Z9', 1445, 116000, 'EUR');
INSERT INTO employee (id, name, level, days_in_level, current_salary, currency) VALUES (50, 'Chiara Bianchi', 'Z12', 3394, 182000, 'EUR');

-- Performance reviews for employee 1 (Alice Chen)
INSERT INTO performance_review (employee_id, "year", "period", rating, description) VALUES (1, 2023, 4, 5, 'Led the migration to microservices architecture, reducing deployment time by 60%');
INSERT INTO performance_review (employee_id, "year", "period", rating, description) VALUES (1, 2024, 1, 5, 'Mentored 5 junior developers and improved team velocity by 40%');
INSERT INTO performance_review (employee_id, "year", "period", rating, description) VALUES (1, 2024, 2, 4, 'Implemented automated testing framework saving 200 hours per quarter');
INSERT INTO performance_review (employee_id, "year", "period", rating, description) VALUES (1, 2024, 3, 5, 'Architected real-time analytics platform processing 1M events per second');

-- Performance reviews for employee 2 (Marcus Rodriguez) - UNDERPERFORMER
INSERT INTO performance_review (employee_id, "year", "period", rating, description) VALUES (2, 2024, 2, 2, 'Missed several deadlines on customer portal project, delivered 3 weeks late');
INSERT INTO performance_review (employee_id, "year", "period", rating, description) VALUES (2, 2024, 3, 2, 'Code quality issues led to 15 production bugs requiring urgent fixes');
INSERT INTO performance_review (employee_id, "year", "period", rating, description) VALUES (2, 2024, 4, 1, 'Failed to complete payment gateway integration, project reassigned to another team member');

-- Performance reviews for employee 3 (Priya Patel)
INSERT INTO performance_review (employee_id, "year", "period", rating, description) VALUES (3, 2023, 3, 4, 'Built machine learning model for fraud detection with 95% accuracy');
INSERT INTO performance_review (employee_id, "year", "period", rating, description) VALUES (3, 2024, 1, 5, 'Created data pipeline processing 50TB of data daily');
INSERT INTO performance_review (employee_id, "year", "period", rating, description) VALUES (3, 2024, 2, 4, 'Presented at international AI conference on our ML infrastructure');
INSERT INTO performance_review (employee_id, "year", "period", rating, description) VALUES (3, 2024, 4, 5, 'Developed recommendation engine increasing user engagement by 35%');

-- Performance reviews for employee 4 (Jamal Williams) - AVERAGE
INSERT INTO performance_review (employee_id, "year", "period", rating, description) VALUES (4, 2023, 4, 3, 'Enhanced mobile app with new features requested by top clients');
INSERT INTO performance_review (employee_id, "year", "period", rating, description) VALUES (4, 2024, 1, 3, 'Resolved performance bottleneck with guidance from senior engineer');
INSERT INTO performance_review (employee_id, "year", "period", rating, description) VALUES (4, 2024, 3, 3, 'Implemented push notification system meeting basic requirements');

-- Performance reviews for employee 5 (Sofia Andersson)
INSERT INTO performance_review (employee_id, "year", "period", rating, description) VALUES (5, 2023, 2, 5, 'Designed company-wide API standards adopted by all engineering teams');
INSERT INTO performance_review (employee_id, "year", "period", rating, description) VALUES (5, 2023, 4, 5, 'Led security audit resulting in SOC2 compliance certification');
INSERT INTO performance_review (employee_id, "year", "period", rating, description) VALUES (5, 2024, 2, 4, 'Established disaster recovery procedures tested quarterly');
INSERT INTO performance_review (employee_id, "year", "period", rating, description) VALUES (5, 2024, 4, 5, 'Architected multi-region deployment reducing latency by 70%');

-- Performance reviews for employee 6 (Kenji Tanaka) - AVERAGE
INSERT INTO performance_review (employee_id, "year", "period", rating, description) VALUES (6, 2024, 3, 3, 'Completed onboarding and delivered first feature to production');
INSERT INTO performance_review (employee_id, "year", "period", rating, description) VALUES (6, 2024, 4, 3, 'Fixed bugs and contributed to code quality improvements as expected');

-- Performance reviews for employee 7 (Fatima Al-Rashid)
INSERT INTO performance_review (employee_id, "year", "period", rating, description) VALUES (7, 2023, 1, 4, 'Developed blockchain integration for supply chain tracking');
INSERT INTO performance_review (employee_id, "year", "period", rating, description) VALUES (7, 2023, 3, 5, 'Created smart contract platform saving $2M in transaction fees');
INSERT INTO performance_review (employee_id, "year", "period", rating, description) VALUES (7, 2024, 1, 4, 'Optimized database queries reducing server costs by 40%');
INSERT INTO performance_review (employee_id, "year", "period", rating, description) VALUES (7, 2024, 4, 5, 'Led migration to cloud-native architecture');

-- Performance reviews for employee 8 (Diego Martinez) - UNDERPERFORMER
INSERT INTO performance_review (employee_id, "year", "period", rating, description) VALUES (8, 2024, 1, 2, 'Refactoring effort introduced new bugs, had to be partially reverted');
INSERT INTO performance_review (employee_id, "year", "period", rating, description) VALUES (8, 2024, 3, 1, 'Deployment pipeline implementation failed, caused production outage');
INSERT INTO performance_review (employee_id, "year", "period", rating, description) VALUES (8, 2024, 4, 2, 'Feature flags incomplete, missing critical functionality and documentation');

-- Performance reviews for employee 9 (Yuki Nakamura)
INSERT INTO performance_review (employee_id, "year", "period", rating, description) VALUES (9, 2023, 2, 5, 'Created AI-powered chatbot handling 10K queries daily');
INSERT INTO performance_review (employee_id, "year", "period", rating, description) VALUES (9, 2023, 4, 4, 'Integrated NLP models for sentiment analysis across platforms');
INSERT INTO performance_review (employee_id, "year", "period", rating, description) VALUES (9, 2024, 2, 5, 'Developed computer vision system for quality control automation');
INSERT INTO performance_review (employee_id, "year", "period", rating, description) VALUES (9, 2024, 3, 5, 'Published research paper on our ML optimization techniques');

-- Performance reviews for employee 10 (Isabella Costa) - AVERAGE
INSERT INTO performance_review (employee_id, "year", "period", rating, description) VALUES (10, 2024, 2, 3, 'Implemented responsive design for all customer-facing pages');
INSERT INTO performance_review (employee_id, "year", "period", rating, description) VALUES (10, 2024, 3, 3, 'Created design system with basic components for product teams');
INSERT INTO performance_review (employee_id, "year", "period", rating, description) VALUES (10, 2024, 4, 3, 'Led accessibility improvements meeting minimum compliance standards');

-- Performance reviews for employee 11 (Omar Hassan)
INSERT INTO performance_review (employee_id, "year", "period", rating, description) VALUES (11, 2022, 4, 5, 'Established engineering excellence program adopted company-wide');
INSERT INTO performance_review (employee_id, "year", "period", rating, description) VALUES (11, 2023, 2, 5, 'Grew engineering team from 20 to 80 members while maintaining quality');
INSERT INTO performance_review (employee_id, "year", "period", rating, description) VALUES (11, 2023, 4, 4, 'Implemented OKR framework improving team alignment by 50%');
INSERT INTO performance_review (employee_id, "year", "period", rating, description) VALUES (11, 2024, 2, 5, 'Led digital transformation initiative generating $15M in new revenue');

-- Performance reviews for employee 12 (Chloe Dubois) - AVERAGE
INSERT INTO performance_review (employee_id, "year", "period", rating, description) VALUES (12, 2023, 4, 3, 'Developed internal tools improving developer productivity');
INSERT INTO performance_review (employee_id, "year", "period", rating, description) VALUES (12, 2024, 2, 3, 'Created monitoring dashboards with basic system metrics');
INSERT INTO performance_review (employee_id, "year", "period", rating, description) VALUES (12, 2024, 4, 3, 'Automated reporting process with standard efficiency gains');

-- Performance reviews for employee 13 (Arjun Singh) - AVERAGE
INSERT INTO performance_review (employee_id, "year", "period", rating, description) VALUES (13, 2024, 1, 3, 'Built real-time collaboration features with standard functionality');
INSERT INTO performance_review (employee_id, "year", "period", rating, description) VALUES (13, 2024, 3, 3, 'Implemented WebSocket infrastructure meeting basic requirements');
INSERT INTO performance_review (employee_id, "year", "period", rating, description) VALUES (13, 2024, 4, 3, 'Optimized backend services with modest performance gains');

-- Performance reviews for employee 14 (Emma O'Brien) - AVERAGE
INSERT INTO performance_review (employee_id, "year", "period", rating, description) VALUES (14, 2023, 3, 3, 'Migrated monolithic application to modular architecture');
INSERT INTO performance_review (employee_id, "year", "period", rating, description) VALUES (14, 2024, 1, 3, 'Implemented caching strategy with acceptable performance gains');
INSERT INTO performance_review (employee_id, "year", "period", rating, description) VALUES (14, 2024, 3, 3, 'Led technical debt reduction initiative with standard progress');

-- Performance reviews for employee 15 (Chen Wei)
INSERT INTO performance_review (employee_id, "year", "period", rating, description) VALUES (15, 2023, 1, 5, 'Developed distributed tracing system for microservices debugging');
INSERT INTO performance_review (employee_id, "year", "period", rating, description) VALUES (15, 2023, 3, 4, 'Created chaos engineering framework improving system resilience');
INSERT INTO performance_review (employee_id, "year", "period", rating, description) VALUES (15, 2024, 1, 5, 'Built observability platform reducing MTTR by 70%');
INSERT INTO performance_review (employee_id, "year", "period", rating, description) VALUES (15, 2024, 4, 5, 'Architected service mesh enabling zero-downtime deployments');

-- Performance reviews for employee 16 (Leila Moreno) - UNDERPERFORMER
INSERT INTO performance_review (employee_id, "year", "period", rating, description) VALUES (16, 2024, 3, 2, 'Open source contributions were minimal and lacked meaningful impact');
INSERT INTO performance_review (employee_id, "year", "period", rating, description) VALUES (16, 2024, 4, 1, 'CLI tool had critical bugs, low adoption due to poor user experience and lack of documentation');

-- Performance reviews for employee 17 (Nikolai Petrov)
INSERT INTO performance_review (employee_id, "year", "period", rating, description) VALUES (17, 2022, 3, 5, 'Pioneered GraphQL adoption across all API endpoints');
INSERT INTO performance_review (employee_id, "year", "period", rating, description) VALUES (17, 2023, 1, 4, 'Established API governance reducing integration issues by 60%');
INSERT INTO performance_review (employee_id, "year", "period", rating, description) VALUES (17, 2023, 4, 5, 'Designed event-driven architecture handling 10M events daily');
INSERT INTO performance_review (employee_id, "year", "period", rating, description) VALUES (17, 2024, 3, 5, 'Led platform modernization saving $3M annually in infrastructure costs');

-- Performance reviews for employee 18 (Aisha Okonkwo) - AVERAGE
INSERT INTO performance_review (employee_id, "year", "period", rating, description) VALUES (18, 2024, 2, 3, 'Developed customer feedback system collecting 1K responses daily');
INSERT INTO performance_review (employee_id, "year", "period", rating, description) VALUES (18, 2024, 4, 3, 'Built analytics dashboard with basic reporting capabilities');

-- Performance reviews for employee 19 (Lucas Silva)
INSERT INTO performance_review (employee_id, "year", "period", rating, description) VALUES (19, 2023, 3, 4, 'Created containerization strategy adopted by all teams');
INSERT INTO performance_review (employee_id, "year", "period", rating, description) VALUES (19, 2024, 1, 5, 'Implemented Kubernetes orchestration improving resource utilization by 55%');
INSERT INTO performance_review (employee_id, "year", "period", rating, description) VALUES (19, 2024, 3, 4, 'Built CI/CD pipelines reducing deployment time from 2 hours to 15 minutes');

-- Performance reviews for employee 20 (Maya Johannsson) - AVERAGE
INSERT INTO performance_review (employee_id, "year", "period", rating, description) VALUES (20, 2024, 1, 3, 'Integrated payment processing supporting 15 currencies');
INSERT INTO performance_review (employee_id, "year", "period", rating, description) VALUES (20, 2024, 3, 3, 'Enhanced fraud detection with modest improvements');
INSERT INTO performance_review (employee_id, "year", "period", rating, description) VALUES (20, 2024, 4, 3, 'Optimized transaction processing meeting performance targets');

-- Performance reviews for employee 21 (Raj Kapoor)
INSERT INTO performance_review (employee_id, "year", "period", rating, description) VALUES (21, 2023, 2, 5, 'Built data warehouse consolidating 20+ data sources');
INSERT INTO performance_review (employee_id, "year", "period", rating, description) VALUES (21, 2023, 4, 4, 'Developed ETL pipelines processing 10TB daily');
INSERT INTO performance_review (employee_id, "year", "period", rating, description) VALUES (21, 2024, 2, 5, 'Created real-time BI dashboards used by executive team');
INSERT INTO performance_review (employee_id, "year", "period", rating, description) VALUES (21, 2024, 4, 5, 'Implemented data governance framework ensuring GDPR compliance');

-- Performance reviews for employee 22 (Zara Khan) - AVERAGE
INSERT INTO performance_review (employee_id, "year", "period", rating, description) VALUES (22, 2024, 2, 3, 'Developed email notification system with 99.9% delivery rate');
INSERT INTO performance_review (employee_id, "year", "period", rating, description) VALUES (22, 2024, 4, 3, 'Built A/B testing framework with basic functionality');

-- Performance reviews for employee 23 (Henrik Nielsen) - UNDERPERFORMER
INSERT INTO performance_review (employee_id, "year", "period", rating, description) VALUES (23, 2024, 4, 2, 'Struggled with bootcamp material, production contributions required extensive rework and guidance');

-- Performance reviews for employee 24 (Camila Fernandez)
INSERT INTO performance_review (employee_id, "year", "period", rating, description) VALUES (24, 2023, 3, 4, 'Built search functionality with auto-complete and filters');
INSERT INTO performance_review (employee_id, "year", "period", rating, description) VALUES (24, 2024, 1, 5, 'Implemented Elasticsearch reducing query time by 80%');
INSERT INTO performance_review (employee_id, "year", "period", rating, description) VALUES (24, 2024, 3, 4, 'Created personalized search ranking improving CTR by 25%');

-- Performance reviews for employee 25 (Dmitri Volkov)
INSERT INTO performance_review (employee_id, "year", "period", rating, description) VALUES (25, 2022, 4, 5, 'Architected scalable infrastructure supporting 10x growth');
INSERT INTO performance_review (employee_id, "year", "period", rating, description) VALUES (25, 2023, 2, 4, 'Led security hardening initiative preventing 500+ attacks');
INSERT INTO performance_review (employee_id, "year", "period", rating, description) VALUES (25, 2023, 4, 5, 'Implemented zero-trust security model across organization');
INSERT INTO performance_review (employee_id, "year", "period", rating, description) VALUES (25, 2024, 3, 5, 'Designed edge computing architecture reducing latency to <50ms globally');

-- Performance reviews for employee 26 (Amara Diallo) - AVERAGE
INSERT INTO performance_review (employee_id, "year", "period", rating, description) VALUES (26, 2024, 1, 3, 'Built video streaming platform meeting basic requirements');
INSERT INTO performance_review (employee_id, "year", "period", rating, description) VALUES (26, 2024, 3, 3, 'Optimized video encoding with standard efficiency improvements');

-- Performance reviews for employee 27 (Sven Bergstrom) - AVERAGE
INSERT INTO performance_review (employee_id, "year", "period", rating, description) VALUES (27, 2023, 4, 3, 'Developed inventory management system for 50K SKUs');
INSERT INTO performance_review (employee_id, "year", "period", rating, description) VALUES (27, 2024, 2, 3, 'Integrated with 10 third-party logistics providers on schedule');
INSERT INTO performance_review (employee_id, "year", "period", rating, description) VALUES (27, 2024, 4, 3, 'Built forecasting model with acceptable accuracy');

-- Performance reviews for employee 28 (Naomi Kim)
INSERT INTO performance_review (employee_id, "year", "period", rating, description) VALUES (28, 2023, 1, 5, 'Created neural network for image recognition with 98% accuracy');
INSERT INTO performance_review (employee_id, "year", "period", rating, description) VALUES (28, 2023, 3, 5, 'Built AutoML platform democratizing ML across company');
INSERT INTO performance_review (employee_id, "year", "period", rating, description) VALUES (28, 2024, 1, 4, 'Optimized model inference reducing costs by $500K annually');
INSERT INTO performance_review (employee_id, "year", "period", rating, description) VALUES (28, 2024, 4, 5, 'Developed federated learning system protecting user privacy');

-- Performance reviews for employee 29 (Hassan El-Amin) - AVERAGE
INSERT INTO performance_review (employee_id, "year", "period", rating, description) VALUES (29, 2024, 3, 3, 'Created documentation portal improving developer onboarding');
INSERT INTO performance_review (employee_id, "year", "period", rating, description) VALUES (29, 2024, 4, 3, 'Built API playground with basic functionality');

-- Performance reviews for employee 30 (Valentina Rossi) - AVERAGE
INSERT INTO performance_review (employee_id, "year", "period", rating, description) VALUES (30, 2023, 2, 3, 'Developed mobile SDK with standard features');
INSERT INTO performance_review (employee_id, "year", "period", rating, description) VALUES (30, 2023, 4, 3, 'Created offline-first architecture meeting basic requirements');
INSERT INTO performance_review (employee_id, "year", "period", rating, description) VALUES (30, 2024, 2, 3, 'Built cross-platform framework with acceptable code reuse');

-- Performance reviews for employee 31 (Kwame Addo) - AVERAGE
INSERT INTO performance_review (employee_id, "year", "period", rating, description) VALUES (31, 2023, 4, 3, 'Implemented OAuth2 authentication for all APIs');
INSERT INTO performance_review (employee_id, "year", "period", rating, description) VALUES (31, 2024, 2, 3, 'Built identity management system with basic SSO functionality');
INSERT INTO performance_review (employee_id, "year", "period", rating, description) VALUES (31, 2024, 4, 3, 'Enhanced security protocols meeting compliance requirements');

-- Performance reviews for employee 32 (Ingrid Schmidt)
INSERT INTO performance_review (employee_id, "year", "period", rating, description) VALUES (32, 2022, 2, 5, 'Established data science practice growing team to 15 members');
INSERT INTO performance_review (employee_id, "year", "period", rating, description) VALUES (32, 2022, 4, 5, 'Built predictive models generating $10M in cost savings');
INSERT INTO performance_review (employee_id, "year", "period", rating, description) VALUES (32, 2023, 3, 4, 'Led AI ethics initiative establishing responsible AI guidelines');
INSERT INTO performance_review (employee_id, "year", "period", rating, description) VALUES (32, 2024, 1, 5, 'Created LLM-powered features increasing user satisfaction by 40%');

-- Performance reviews for employee 33 (Tariq Aziz) - UNDERPERFORMER
INSERT INTO performance_review (employee_id, "year", "period", rating, description) VALUES (33, 2024, 1, 2, 'Log aggregation system had significant performance issues, failed to meet requirements');
INSERT INTO performance_review (employee_id, "year", "period", rating, description) VALUES (33, 2024, 3, 1, 'Alerting framework generated excessive false positives, creating alert fatigue across teams');

-- Performance reviews for employee 34 (Luna Park)
INSERT INTO performance_review (employee_id, "year", "period", rating, description) VALUES (34, 2023, 3, 4, 'Developed geospatial features for location-based services');
INSERT INTO performance_review (employee_id, "year", "period", rating, description) VALUES (34, 2024, 1, 5, 'Built routing algorithm optimizing delivery times by 30%');
INSERT INTO performance_review (employee_id, "year", "period", rating, description) VALUES (34, 2024, 4, 4, 'Implemented geofencing capabilities for 50 markets');

-- Performance reviews for employee 35 (Giovanni Romano)
INSERT INTO performance_review (employee_id, "year", "period", rating, description) VALUES (35, 2023, 2, 5, 'Created performance testing framework identifying bottlenecks early');
INSERT INTO performance_review (employee_id, "year", "period", rating, description) VALUES (35, 2023, 4, 4, 'Optimized database schema improving query performance by 75%');
INSERT INTO performance_review (employee_id, "year", "period", rating, description) VALUES (35, 2024, 2, 5, 'Built autoscaling system reducing infrastructure costs by 40%');

-- Performance reviews for employee 36 (Aaliyah Thompson) - AVERAGE
INSERT INTO performance_review (employee_id, "year", "period", rating, description) VALUES (36, 2024, 1, 3, 'Developed admin dashboard for customer support team');
INSERT INTO performance_review (employee_id, "year", "period", rating, description) VALUES (36, 2024, 3, 3, 'Built workflow automation with standard ticket reduction');
INSERT INTO performance_review (employee_id, "year", "period", rating, description) VALUES (36, 2024, 4, 3, 'Created knowledge base system with basic search functionality');

-- Performance reviews for employee 37 (Pierre Lefebvre)
INSERT INTO performance_review (employee_id, "year", "period", rating, description) VALUES (37, 2022, 3, 5, 'Led company-wide cloud migration saving $5M annually');
INSERT INTO performance_review (employee_id, "year", "period", rating, description) VALUES (37, 2023, 1, 5, 'Architected multi-tenant SaaS platform serving 1000+ customers');
INSERT INTO performance_review (employee_id, "year", "period", rating, description) VALUES (37, 2023, 4, 4, 'Implemented FinOps practices optimizing cloud spending');
INSERT INTO performance_review (employee_id, "year", "period", rating, description) VALUES (37, 2024, 2, 5, 'Designed disaster recovery achieving 99.99% uptime SLA');

-- Performance reviews for employee 38 (Mei Ling) - AVERAGE
INSERT INTO performance_review (employee_id, "year", "period", rating, description) VALUES (38, 2024, 3, 3, 'Built internationalization framework supporting 25 languages');
INSERT INTO performance_review (employee_id, "year", "period", rating, description) VALUES (38, 2024, 4, 3, 'Created localization pipeline with moderate efficiency improvements');

-- Performance reviews for employee 39 (Santiago Ramirez)
INSERT INTO performance_review (employee_id, "year", "period", rating, description) VALUES (39, 2023, 3, 4, 'Developed IoT platform connecting 100K devices');
INSERT INTO performance_review (employee_id, "year", "period", rating, description) VALUES (39, 2024, 1, 5, 'Built MQTT messaging infrastructure handling 1M messages/sec');
INSERT INTO performance_review (employee_id, "year", "period", rating, description) VALUES (39, 2024, 3, 4, 'Created device management portal for fleet operations');

-- Performance reviews for employee 40 (Freya Larsen) - AVERAGE
INSERT INTO performance_review (employee_id, "year", "period", rating, description) VALUES (40, 2024, 2, 3, 'Implemented file storage service meeting basic requirements');
INSERT INTO performance_review (employee_id, "year", "period", rating, description) VALUES (40, 2024, 4, 3, 'Built CDN integration with acceptable performance improvements');

-- Performance reviews for employee 41 (Adebayo Oluwaseun)
INSERT INTO performance_review (employee_id, "year", "period", rating, description) VALUES (41, 2023, 1, 5, 'Created GraphQL federation unifying 30+ microservices');
INSERT INTO performance_review (employee_id, "year", "period", rating, description) VALUES (41, 2023, 3, 4, 'Built developer portal increasing API adoption by 200%');
INSERT INTO performance_review (employee_id, "year", "period", rating, description) VALUES (41, 2024, 1, 5, 'Designed API versioning strategy enabling backward compatibility');
INSERT INTO performance_review (employee_id, "year", "period", rating, description) VALUES (41, 2024, 4, 5, 'Led API-first initiative reducing time-to-market by 40%');

-- Performance reviews for employee 42 (Katarina Novak) - AVERAGE
INSERT INTO performance_review (employee_id, "year", "period", rating, description) VALUES (42, 2023, 4, 3, 'Developed scheduling system for workforce management');
INSERT INTO performance_review (employee_id, "year", "period", rating, description) VALUES (42, 2024, 2, 3, 'Built optimization algorithm with modest utilization improvements');
INSERT INTO performance_review (employee_id, "year", "period", rating, description) VALUES (42, 2024, 4, 3, 'Integrated with payroll systems meeting basic automation requirements');

-- Performance reviews for employee 43 (Mohammed Ali) - AVERAGE
INSERT INTO performance_review (employee_id, "year", "period", rating, description) VALUES (43, 2024, 1, 3, 'Created batch processing system handling millions of records');
INSERT INTO performance_review (employee_id, "year", "period", rating, description) VALUES (43, 2024, 3, 3, 'Optimized ETL jobs with acceptable performance improvements');

-- Performance reviews for employee 44 (Sakura Yamamoto) - AVERAGE
INSERT INTO performance_review (employee_id, "year", "period", rating, description) VALUES (44, 2023, 2, 3, 'Built recommendation system with standard conversion improvements');
INSERT INTO performance_review (employee_id, "year", "period", rating, description) VALUES (44, 2023, 4, 3, 'Developed personalization engine with basic features');
INSERT INTO performance_review (employee_id, "year", "period", rating, description) VALUES (44, 2024, 2, 3, 'Created A/B testing platform meeting functional requirements');

-- Performance reviews for employee 45 (Erik Andersson)
INSERT INTO performance_review (employee_id, "year", "period", rating, description) VALUES (45, 2022, 3, 5, 'Pioneered DevOps culture reducing deployment failures by 80%');
INSERT INTO performance_review (employee_id, "year", "period", rating, description) VALUES (45, 2023, 1, 5, 'Built GitOps workflow automating infrastructure provisioning');
INSERT INTO performance_review (employee_id, "year", "period", rating, description) VALUES (45, 2023, 3, 4, 'Created self-service platform empowering 100+ developers');
INSERT INTO performance_review (employee_id, "year", "period", rating, description) VALUES (45, 2024, 2, 5, 'Led SRE transformation achieving 99.95% service availability');

-- Performance reviews for employee 46 (Nadia Ivanova) - AVERAGE
INSERT INTO performance_review (employee_id, "year", "period", rating, description) VALUES (46, 2024, 3, 3, 'Built reporting system generating 50+ business reports');
INSERT INTO performance_review (employee_id, "year", "period", rating, description) VALUES (46, 2024, 4, 3, 'Created data visualization dashboards with basic charts and metrics');

-- Performance reviews for employee 47 (Rafael Garcia) - AVERAGE
INSERT INTO performance_review (employee_id, "year", "period", rating, description) VALUES (47, 2023, 4, 3, 'Developed webhook infrastructure for event notifications');
INSERT INTO performance_review (employee_id, "year", "period", rating, description) VALUES (47, 2024, 2, 3, 'Built rate limiting system with standard protection capabilities');
INSERT INTO performance_review (employee_id, "year", "period", rating, description) VALUES (47, 2024, 4, 3, 'Created API gateway meeting performance requirements');

-- Performance reviews for employee 48 (Zainab Malik)
INSERT INTO performance_review (employee_id, "year", "period", rating, description) VALUES (48, 2023, 2, 5, 'Built time-series database for metrics storage');
INSERT INTO performance_review (employee_id, "year", "period", rating, description) VALUES (48, 2023, 4, 4, 'Created anomaly detection system preventing 50+ incidents');
INSERT INTO performance_review (employee_id, "year", "period", rating, description) VALUES (48, 2024, 2, 5, 'Developed AIOps platform reducing manual toil by 70%');

-- Performance reviews for employee 49 (Thor Magnusson) - AVERAGE
INSERT INTO performance_review (employee_id, "year", "period", rating, description) VALUES (49, 2023, 3, 3, 'Built content management system for marketing team');
INSERT INTO performance_review (employee_id, "year", "period", rating, description) VALUES (49, 2024, 1, 3, 'Created headless CMS with basic content delivery features');
INSERT INTO performance_review (employee_id, "year", "period", rating, description) VALUES (49, 2024, 4, 3, 'Developed digital asset management platform meeting functional requirements');

-- Performance reviews for employee 50 (Chiara Bianchi)
INSERT INTO performance_review (employee_id, "year", "period", rating, description) VALUES (50, 2022, 1, 5, 'Established enterprise architecture practice defining standards');
INSERT INTO performance_review (employee_id, "year", "period", rating, description) VALUES (50, 2022, 4, 5, 'Led digital transformation roadmap for 5-year strategy');
INSERT INTO performance_review (employee_id, "year", "period", rating, description) VALUES (50, 2023, 3, 4, 'Created technology radar guiding tool selection');
INSERT INTO performance_review (employee_id, "year", "period", rating, description) VALUES (50, 2024, 1, 5, 'Architected composable commerce platform enabling rapid innovation');

-- Compensation changes for employee 1
INSERT INTO compensation_change (employee_id, "year", "period", adjusted_to, currency) VALUES (1, 2023, 4, 130000, 'USD');
INSERT INTO compensation_change (employee_id, "year", "period", adjusted_to, currency) VALUES (1, 2024, 2, 140000, 'USD');
INSERT INTO compensation_change (employee_id, "year", "period", adjusted_to, currency) VALUES (1, 2024, 4, 145000, 'USD');

-- Compensation changes for employee 2
INSERT INTO compensation_change (employee_id, "year", "period", adjusted_to, currency) VALUES (2, 2024, 2, 78000, 'USD');
INSERT INTO compensation_change (employee_id, "year", "period", adjusted_to, currency) VALUES (2, 2024, 4, 85000, 'USD');

-- Compensation changes for employee 3
INSERT INTO compensation_change (employee_id, "year", "period", adjusted_to, currency) VALUES (3, 2023, 3, 105000, 'USD');
INSERT INTO compensation_change (employee_id, "year", "period", adjusted_to, currency) VALUES (3, 2024, 1, 115000, 'USD');
INSERT INTO compensation_change (employee_id, "year", "period", adjusted_to, currency) VALUES (3, 2024, 4, 120000, 'USD');

-- Compensation changes for employee 4
INSERT INTO compensation_change (employee_id, "year", "period", adjusted_to, currency) VALUES (4, 2023, 4, 92000, 'USD');
INSERT INTO compensation_change (employee_id, "year", "period", adjusted_to, currency) VALUES (4, 2024, 2, 100000, 'USD');
INSERT INTO compensation_change (employee_id, "year", "period", adjusted_to, currency) VALUES (4, 2024, 4, 105000, 'USD');

-- Compensation changes for employee 5
INSERT INTO compensation_change (employee_id, "year", "period", adjusted_to, currency) VALUES (5, 2023, 2, 145000, 'EUR');
INSERT INTO compensation_change (employee_id, "year", "period", adjusted_to, currency) VALUES (5, 2023, 4, 155000, 'EUR');
INSERT INTO compensation_change (employee_id, "year", "period", adjusted_to, currency) VALUES (5, 2024, 3, 165000, 'EUR');

-- Compensation changes for employee 6
INSERT INTO compensation_change (employee_id, "year", "period", adjusted_to, currency) VALUES (6, 2024, 3, 68000, 'USD');
INSERT INTO compensation_change (employee_id, "year", "period", adjusted_to, currency) VALUES (6, 2024, 4, 72000, 'USD');

-- Compensation changes for employee 7
INSERT INTO compensation_change (employee_id, "year", "period", adjusted_to, currency) VALUES (7, 2023, 1, 102000, 'USD');
INSERT INTO compensation_change (employee_id, "year", "period", adjusted_to, currency) VALUES (7, 2023, 3, 110000, 'USD');
INSERT INTO compensation_change (employee_id, "year", "period", adjusted_to, currency) VALUES (7, 2024, 2, 118000, 'USD');

-- Compensation changes for employee 8
INSERT INTO compensation_change (employee_id, "year", "period", adjusted_to, currency) VALUES (8, 2024, 1, 80000, 'EUR');
INSERT INTO compensation_change (employee_id, "year", "period", adjusted_to, currency) VALUES (8, 2024, 3, 85000, 'EUR');
INSERT INTO compensation_change (employee_id, "year", "period", adjusted_to, currency) VALUES (8, 2024, 4, 88000, 'EUR');

-- Compensation changes for employee 9
INSERT INTO compensation_change (employee_id, "year", "period", adjusted_to, currency) VALUES (9, 2023, 2, 125000, 'USD');
INSERT INTO compensation_change (employee_id, "year", "period", adjusted_to, currency) VALUES (9, 2023, 4, 135000, 'USD');
INSERT INTO compensation_change (employee_id, "year", "period", adjusted_to, currency) VALUES (9, 2024, 3, 142000, 'USD');

-- Compensation changes for employee 10
INSERT INTO compensation_change (employee_id, "year", "period", adjusted_to, currency) VALUES (10, 2024, 2, 88000, 'USD');
INSERT INTO compensation_change (employee_id, "year", "period", adjusted_to, currency) VALUES (10, 2024, 3, 93000, 'USD');
INSERT INTO compensation_change (employee_id, "year", "period", adjusted_to, currency) VALUES (10, 2024, 4, 98000, 'USD');

-- Compensation changes for employee 11
INSERT INTO compensation_change (employee_id, "year", "period", adjusted_to, currency) VALUES (11, 2022, 4, 160000, 'USD');
INSERT INTO compensation_change (employee_id, "year", "period", adjusted_to, currency) VALUES (11, 2023, 2, 170000, 'USD');
INSERT INTO compensation_change (employee_id, "year", "period", adjusted_to, currency) VALUES (11, 2023, 4, 178000, 'USD');
INSERT INTO compensation_change (employee_id, "year", "period", adjusted_to, currency) VALUES (11, 2024, 3, 185000, 'USD');

-- Compensation changes for employee 12
INSERT INTO compensation_change (employee_id, "year", "period", adjusted_to, currency) VALUES (12, 2023, 4, 83000, 'EUR');
INSERT INTO compensation_change (employee_id, "year", "period", adjusted_to, currency) VALUES (12, 2024, 2, 88000, 'EUR');
INSERT INTO compensation_change (employee_id, "year", "period", adjusted_to, currency) VALUES (12, 2024, 4, 92000, 'EUR');

-- Compensation changes for employee 13
INSERT INTO compensation_change (employee_id, "year", "period", adjusted_to, currency) VALUES (13, 2024, 1, 105000, 'USD');
INSERT INTO compensation_change (employee_id, "year", "period", adjusted_to, currency) VALUES (13, 2024, 3, 112000, 'USD');
INSERT INTO compensation_change (employee_id, "year", "period", adjusted_to, currency) VALUES (13, 2024, 4, 115000, 'USD');

-- Compensation changes for employee 14
INSERT INTO compensation_change (employee_id, "year", "period", adjusted_to, currency) VALUES (14, 2023, 3, 92000, 'USD');
INSERT INTO compensation_change (employee_id, "year", "period", adjusted_to, currency) VALUES (14, 2024, 1, 98000, 'USD');
INSERT INTO compensation_change (employee_id, "year", "period", adjusted_to, currency) VALUES (14, 2024, 3, 102000, 'USD');

-- Compensation changes for employee 15
INSERT INTO compensation_change (employee_id, "year", "period", adjusted_to, currency) VALUES (15, 2023, 1, 120000, 'USD');
INSERT INTO compensation_change (employee_id, "year", "period", adjusted_to, currency) VALUES (15, 2023, 3, 130000, 'USD');
INSERT INTO compensation_change (employee_id, "year", "period", adjusted_to, currency) VALUES (15, 2024, 2, 138000, 'USD');

-- Compensation changes for employee 16
INSERT INTO compensation_change (employee_id, "year", "period", adjusted_to, currency) VALUES (16, 2024, 3, 65000, 'USD');
INSERT INTO compensation_change (employee_id, "year", "period", adjusted_to, currency) VALUES (16, 2024, 4, 68000, 'USD');

-- Compensation changes for employee 17
INSERT INTO compensation_change (employee_id, "year", "period", adjusted_to, currency) VALUES (17, 2022, 3, 150000, 'EUR');
INSERT INTO compensation_change (employee_id, "year", "period", adjusted_to, currency) VALUES (17, 2023, 1, 160000, 'EUR');
INSERT INTO compensation_change (employee_id, "year", "period", adjusted_to, currency) VALUES (17, 2023, 4, 168000, 'EUR');
INSERT INTO compensation_change (employee_id, "year", "period", adjusted_to, currency) VALUES (17, 2024, 3, 172000, 'EUR');

-- Compensation changes for employee 18
INSERT INTO compensation_change (employee_id, "year", "period", adjusted_to, currency) VALUES (18, 2024, 2, 78000, 'USD');
INSERT INTO compensation_change (employee_id, "year", "period", adjusted_to, currency) VALUES (18, 2024, 4, 86000, 'USD');

-- Compensation changes for employee 19
INSERT INTO compensation_change (employee_id, "year", "period", adjusted_to, currency) VALUES (19, 2023, 3, 108000, 'USD');
INSERT INTO compensation_change (employee_id, "year", "period", adjusted_to, currency) VALUES (19, 2024, 1, 118000, 'USD');
INSERT INTO compensation_change (employee_id, "year", "period", adjusted_to, currency) VALUES (19, 2024, 3, 122000, 'USD');

-- Compensation changes for employee 20
INSERT INTO compensation_change (employee_id, "year", "period", adjusted_to, currency) VALUES (20, 2024, 1, 88000, 'EUR');
INSERT INTO compensation_change (employee_id, "year", "period", adjusted_to, currency) VALUES (20, 2024, 3, 94000, 'EUR');
INSERT INTO compensation_change (employee_id, "year", "period", adjusted_to, currency) VALUES (20, 2024, 4, 99000, 'EUR');

-- Compensation changes for employee 21
INSERT INTO compensation_change (employee_id, "year", "period", adjusted_to, currency) VALUES (21, 2023, 2, 128000, 'USD');
INSERT INTO compensation_change (employee_id, "year", "period", adjusted_to, currency) VALUES (21, 2023, 4, 138000, 'USD');
INSERT INTO compensation_change (employee_id, "year", "period", adjusted_to, currency) VALUES (21, 2024, 3, 148000, 'USD');

-- Compensation changes for employee 22
INSERT INTO compensation_change (employee_id, "year", "period", adjusted_to, currency) VALUES (22, 2024, 2, 81000, 'USD');
INSERT INTO compensation_change (employee_id, "year", "period", adjusted_to, currency) VALUES (22, 2024, 4, 89000, 'USD');

-- Compensation changes for employee 23
INSERT INTO compensation_change (employee_id, "year", "period", adjusted_to, currency) VALUES (23, 2024, 4, 71000, 'EUR');

-- Compensation changes for employee 24
INSERT INTO compensation_change (employee_id, "year", "period", adjusted_to, currency) VALUES (24, 2023, 3, 105000, 'USD');
INSERT INTO compensation_change (employee_id, "year", "period", adjusted_to, currency) VALUES (24, 2024, 1, 115000, 'USD');
INSERT INTO compensation_change (employee_id, "year", "period", adjusted_to, currency) VALUES (24, 2024, 3, 119000, 'USD');

-- Compensation changes for employee 25
INSERT INTO compensation_change (employee_id, "year", "period", adjusted_to, currency) VALUES (25, 2022, 4, 145000, 'USD');
INSERT INTO compensation_change (employee_id, "year", "period", adjusted_to, currency) VALUES (25, 2023, 2, 158000, 'USD');
INSERT INTO compensation_change (employee_id, "year", "period", adjusted_to, currency) VALUES (25, 2023, 4, 165000, 'USD');
INSERT INTO compensation_change (employee_id, "year", "period", adjusted_to, currency) VALUES (25, 2024, 3, 169000, 'USD');

-- Compensation changes for employee 26
INSERT INTO compensation_change (employee_id, "year", "period", adjusted_to, currency) VALUES (26, 2024, 1, 95000, 'EUR');
INSERT INTO compensation_change (employee_id, "year", "period", adjusted_to, currency) VALUES (26, 2024, 3, 103000, 'EUR');

-- Compensation changes for employee 27
INSERT INTO compensation_change (employee_id, "year", "period", adjusted_to, currency) VALUES (27, 2023, 4, 82000, 'EUR');
INSERT INTO compensation_change (employee_id, "year", "period", adjusted_to, currency) VALUES (27, 2024, 2, 87000, 'EUR');
INSERT INTO compensation_change (employee_id, "year", "period", adjusted_to, currency) VALUES (27, 2024, 4, 91000, 'EUR');

-- Compensation changes for employee 28
INSERT INTO compensation_change (employee_id, "year", "period", adjusted_to, currency) VALUES (28, 2023, 1, 132000, 'USD');
INSERT INTO compensation_change (employee_id, "year", "period", adjusted_to, currency) VALUES (28, 2023, 3, 142000, 'USD');
INSERT INTO compensation_change (employee_id, "year", "period", adjusted_to, currency) VALUES (28, 2024, 2, 151000, 'USD');

-- Compensation changes for employee 29
INSERT INTO compensation_change (employee_id, "year", "period", adjusted_to, currency) VALUES (29, 2024, 3, 66000, 'USD');
INSERT INTO compensation_change (employee_id, "year", "period", adjusted_to, currency) VALUES (29, 2024, 4, 69000, 'USD');

-- Compensation changes for employee 30
INSERT INTO compensation_change (employee_id, "year", "period", adjusted_to, currency) VALUES (30, 2023, 2, 110000, 'EUR');
INSERT INTO compensation_change (employee_id, "year", "period", adjusted_to, currency) VALUES (30, 2023, 4, 118000, 'EUR');
INSERT INTO compensation_change (employee_id, "year", "period", adjusted_to, currency) VALUES (30, 2024, 2, 125000, 'EUR');

-- Compensation changes for employee 31
INSERT INTO compensation_change (employee_id, "year", "period", adjusted_to, currency) VALUES (31, 2023, 4, 94000, 'USD');
INSERT INTO compensation_change (employee_id, "year", "period", adjusted_to, currency) VALUES (31, 2024, 2, 101000, 'USD');
INSERT INTO compensation_change (employee_id, "year", "period", adjusted_to, currency) VALUES (31, 2024, 4, 106000, 'USD');

-- Compensation changes for employee 32
INSERT INTO compensation_change (employee_id, "year", "period", adjusted_to, currency) VALUES (32, 2022, 2, 155000, 'EUR');
INSERT INTO compensation_change (employee_id, "year", "period", adjusted_to, currency) VALUES (32, 2022, 4, 165000, 'EUR');
INSERT INTO compensation_change (employee_id, "year", "period", adjusted_to, currency) VALUES (32, 2023, 3, 172000, 'EUR');
INSERT INTO compensation_change (employee_id, "year", "period", adjusted_to, currency) VALUES (32, 2024, 2, 178000, 'EUR');

-- Compensation changes for employee 33
INSERT INTO compensation_change (employee_id, "year", "period", adjusted_to, currency) VALUES (33, 2024, 1, 79000, 'USD');
INSERT INTO compensation_change (employee_id, "year", "period", adjusted_to, currency) VALUES (33, 2024, 3, 87000, 'USD');

-- Compensation changes for employee 34
INSERT INTO compensation_change (employee_id, "year", "period", adjusted_to, currency) VALUES (34, 2023, 3, 107000, 'USD');
INSERT INTO compensation_change (employee_id, "year", "period", adjusted_to, currency) VALUES (34, 2024, 1, 116000, 'USD');
INSERT INTO compensation_change (employee_id, "year", "period", adjusted_to, currency) VALUES (34, 2024, 4, 121000, 'USD');

-- Compensation changes for employee 35
INSERT INTO compensation_change (employee_id, "year", "period", adjusted_to, currency) VALUES (35, 2023, 2, 130000, 'EUR');
INSERT INTO compensation_change (employee_id, "year", "period", adjusted_to, currency) VALUES (35, 2023, 4, 138000, 'EUR');
INSERT INTO compensation_change (employee_id, "year", "period", adjusted_to, currency) VALUES (35, 2024, 2, 144000, 'EUR');

-- Compensation changes for employee 36
INSERT INTO compensation_change (employee_id, "year", "period", adjusted_to, currency) VALUES (36, 2024, 1, 90000, 'USD');
INSERT INTO compensation_change (employee_id, "year", "period", adjusted_to, currency) VALUES (36, 2024, 3, 97000, 'USD');
INSERT INTO compensation_change (employee_id, "year", "period", adjusted_to, currency) VALUES (36, 2024, 4, 101000, 'USD');

-- Compensation changes for employee 37
INSERT INTO compensation_change (employee_id, "year", "period", adjusted_to, currency) VALUES (37, 2022, 3, 152000, 'EUR');
INSERT INTO compensation_change (employee_id, "year", "period", adjusted_to, currency) VALUES (37, 2023, 1, 162000, 'EUR');
INSERT INTO compensation_change (employee_id, "year", "period", adjusted_to, currency) VALUES (37, 2023, 4, 170000, 'EUR');
INSERT INTO compensation_change (employee_id, "year", "period", adjusted_to, currency) VALUES (37, 2024, 2, 174000, 'EUR');

-- Compensation changes for employee 38
INSERT INTO compensation_change (employee_id, "year", "period", adjusted_to, currency) VALUES (38, 2024, 3, 70000, 'USD');
INSERT INTO compensation_change (employee_id, "year", "period", adjusted_to, currency) VALUES (38, 2024, 4, 73000, 'USD');

-- Compensation changes for employee 39
INSERT INTO compensation_change (employee_id, "year", "period", adjusted_to, currency) VALUES (39, 2023, 3, 103000, 'USD');
INSERT INTO compensation_change (employee_id, "year", "period", adjusted_to, currency) VALUES (39, 2024, 1, 112000, 'USD');
INSERT INTO compensation_change (employee_id, "year", "period", adjusted_to, currency) VALUES (39, 2024, 3, 117000, 'USD');

-- Compensation changes for employee 40
INSERT INTO compensation_change (employee_id, "year", "period", adjusted_to, currency) VALUES (40, 2024, 2, 82000, 'EUR');
INSERT INTO compensation_change (employee_id, "year", "period", adjusted_to, currency) VALUES (40, 2024, 4, 90000, 'EUR');

-- Compensation changes for employee 41
INSERT INTO compensation_change (employee_id, "year", "period", adjusted_to, currency) VALUES (41, 2023, 1, 127000, 'USD');
INSERT INTO compensation_change (employee_id, "year", "period", adjusted_to, currency) VALUES (41, 2023, 3, 136000, 'USD');
INSERT INTO compensation_change (employee_id, "year", "period", adjusted_to, currency) VALUES (41, 2024, 1, 142000, 'USD');
INSERT INTO compensation_change (employee_id, "year", "period", adjusted_to, currency) VALUES (41, 2024, 4, 146000, 'USD');

-- Compensation changes for employee 42
INSERT INTO compensation_change (employee_id, "year", "period", adjusted_to, currency) VALUES (42, 2023, 4, 92000, 'EUR');
INSERT INTO compensation_change (employee_id, "year", "period", adjusted_to, currency) VALUES (42, 2024, 2, 99000, 'EUR');
INSERT INTO compensation_change (employee_id, "year", "period", adjusted_to, currency) VALUES (42, 2024, 4, 104000, 'EUR');

-- Compensation changes for employee 43
INSERT INTO compensation_change (employee_id, "year", "period", adjusted_to, currency) VALUES (43, 2024, 1, 77000, 'USD');
INSERT INTO compensation_change (employee_id, "year", "period", adjusted_to, currency) VALUES (43, 2024, 3, 85000, 'USD');

-- Compensation changes for employee 44
INSERT INTO compensation_change (employee_id, "year", "period", adjusted_to, currency) VALUES (44, 2023, 2, 108000, 'USD');
INSERT INTO compensation_change (employee_id, "year", "period", adjusted_to, currency) VALUES (44, 2023, 4, 117000, 'USD');
INSERT INTO compensation_change (employee_id, "year", "period", adjusted_to, currency) VALUES (44, 2024, 2, 123000, 'USD');

-- Compensation changes for employee 45
INSERT INTO compensation_change (employee_id, "year", "period", adjusted_to, currency) VALUES (45, 2022, 3, 148000, 'EUR');
INSERT INTO compensation_change (employee_id, "year", "period", adjusted_to, currency) VALUES (45, 2023, 1, 158000, 'EUR');
INSERT INTO compensation_change (employee_id, "year", "period", adjusted_to, currency) VALUES (45, 2023, 3, 165000, 'EUR');
INSERT INTO compensation_change (employee_id, "year", "period", adjusted_to, currency) VALUES (45, 2024, 2, 171000, 'EUR');

-- Compensation changes for employee 46
INSERT INTO compensation_change (employee_id, "year", "period", adjusted_to, currency) VALUES (46, 2024, 3, 67000, 'USD');
INSERT INTO compensation_change (employee_id, "year", "period", adjusted_to, currency) VALUES (46, 2024, 4, 70000, 'USD');

-- Compensation changes for employee 47
INSERT INTO compensation_change (employee_id, "year", "period", adjusted_to, currency) VALUES (47, 2023, 4, 96000, 'USD');
INSERT INTO compensation_change (employee_id, "year", "period", adjusted_to, currency) VALUES (47, 2024, 2, 103000, 'USD');
INSERT INTO compensation_change (employee_id, "year", "period", adjusted_to, currency) VALUES (47, 2024, 4, 107000, 'USD');

-- Compensation changes for employee 48
INSERT INTO compensation_change (employee_id, "year", "period", adjusted_to, currency) VALUES (48, 2023, 2, 131000, 'USD');
INSERT INTO compensation_change (employee_id, "year", "period", adjusted_to, currency) VALUES (48, 2023, 4, 140000, 'USD');
INSERT INTO compensation_change (employee_id, "year", "period", adjusted_to, currency) VALUES (48, 2024, 2, 149000, 'USD');

-- Compensation changes for employee 49
INSERT INTO compensation_change (employee_id, "year", "period", adjusted_to, currency) VALUES (49, 2023, 3, 104000, 'EUR');
INSERT INTO compensation_change (employee_id, "year", "period", adjusted_to, currency) VALUES (49, 2024, 1, 111000, 'EUR');
INSERT INTO compensation_change (employee_id, "year", "period", adjusted_to, currency) VALUES (49, 2024, 4, 116000, 'EUR');

-- Compensation changes for employee 50
INSERT INTO compensation_change (employee_id, "year", "period", adjusted_to, currency) VALUES (50, 2022, 1, 158000, 'EUR');
INSERT INTO compensation_change (employee_id, "year", "period", adjusted_to, currency) VALUES (50, 2022, 4, 168000, 'EUR');
INSERT INTO compensation_change (employee_id, "year", "period", adjusted_to, currency) VALUES (50, 2023, 3, 176000, 'EUR');
INSERT INTO compensation_change (employee_id, "year", "period", adjusted_to, currency) VALUES (50, 2024, 1, 182000, 'EUR');
